customer_id,age,income,gender,city,signup_date,last_purchase_date,satisfaction,total_purchases,product_id,amount,date,payment_mode,purchased,category,price,stock
C0001,24.0,31023.42,Male,Pune,2021-10-16,2023-01-13,Medium,44,P049,1208.18,2023-08-08,Cash,0,Beauty,1559.53,370
C0002,52.0,102282.31,Female,Kolkata,2020-04-24,2021-01-24,High,45,P043,1410.49,2023-04-03,UPI,1,Food,523.1,280
C0002,52.0,102282.31,Female,Kolkata,2020-04-24,2021-01-24,High,45,P022,988.89,2023-03-15,Cash,1,Clothing,2195.15,67
C0002,52.0,102282.31,Female,Kolkata,2020-04-24,2021-01-24,High,45,P005,3202.54,2023-01-16,Credit Card,0,Books,1918.79,206
C0003,54.0,126395.05,Male,Delhi,2020-01-26,2021-02-14,High,32,P027,871.31,2023-06-09,UPI,0,Beauty,1627.46,24
C0003,54.0,126395.05,Male,Delhi,2020-01-26,2021-02-14,High,32,P004,3796.74,2023-01-26,Credit Card,1,Beauty,309.72,314
C0004,45.0,107463.44,Female,Chennai,2022-01-29,2022-06-15,Low,45,P043,3074.67,2023-08-01,UPI,0,Food,523.1,280
C0004,45.0,107463.44,Female,Chennai,2022-01-29,2022-06-15,Low,45,P049,1791.35,2023-02-26,UPI,1,Beauty,1559.53,370
C0005,25.0,45886.89,Male,Ahmedabad,2020-10-08,2021-11-06,Medium,47,P043,1180.54,2023-11-03,Credit Card,0,Food,523.1,280
C0005,25.0,45886.89,Male,Ahmedabad,2020-10-08,2021-11-06,Medium,47,P014,1135.05,2023-03-12,UPI,1,Sports,953.04,33
C0005,25.0,45886.89,Male,Ahmedabad,2020-10-08,2021-11-06,Medium,47,P021,2537.19,2023-08-09,Debit Card,0,Beauty,1240.01,116
C0006,45.0,,Female,Delhi,2020-09-07,2021-08-02,High,21,P035,2551.29,2024-03-02,UPI,0,Electronics,2004.32,138
C0006,45.0,,Female,Delhi,2020-09-07,2021-08-02,High,21,P026,307.28,2023-01-10,Net Banking,0,Books,2635.81,130
C0007,20.0,81767.72,Male,Ahmedabad,2020-08-16,2021-02-07,Medium,16,P037,2081.67,2023-11-24,Net Banking,1,Books,2500.43,53
C0007,20.0,81767.72,Male,Ahmedabad,2020-08-16,2021-02-07,Medium,16,P008,4834.38,2023-03-29,Cash,1,Home,1150.65,7
C0008,38.0,29467.67,Female,Pune,2020-05-22,2020-07-19,Medium,21,P024,4237.97,2023-05-05,Net Banking,1,Sports,548.5,187
C0008,38.0,29467.67,Female,Pune,2020-05-22,2020-07-19,Medium,21,P034,4365.57,2024-01-17,UPI,0,Electronics,938.29,338
C0008,38.0,29467.67,Female,Pune,2020-05-22,2020-07-19,Medium,21,P022,474.26,2023-11-21,Credit Card,0,Clothing,2195.15,67
C0009,25.0,101869.5,Female,Mumbai,2022-01-24,2022-06-24,High,11,P023,4112.85,2024-02-22,Debit Card,0,Clothing,2215.53,301
C0009,25.0,101869.5,Female,Mumbai,2022-01-24,2022-06-24,High,11,P007,1066.63,2023-11-05,Debit Card,0,Electronics,161.29,102
C0010,45.0,110526.05,Male,Delhi,2020-04-14,2020-11-23,Medium,37,P050,2373.37,2023-10-16,Cash,1,Home,348.81,131
C0011,46.0,51717.98,Male,Hyderabad,2021-11-23,2022-02-12,Medium,36,P037,4934.01,2023-06-15,UPI,0,Books,2500.43,53
C0011,46.0,51717.98,Male,Hyderabad,2021-11-23,2022-02-12,Medium,36,P029,2266.82,2023-06-05,UPI,0,Electronics,1978.02,10
C0011,46.0,51717.98,Male,Hyderabad,2021-11-23,2022-02-12,Medium,36,P023,1621.0,2023-08-20,Credit Card,0,Clothing,2215.53,301
C0012,52.0,20720.83,Female,Chennai,2022-01-28,2022-09-18,,35,P019,4334.83,2024-03-13,Credit Card,1,Books,1109.79,96
C0012,52.0,20720.83,Female,Chennai,2022-01-28,2022-09-18,,35,P030,4775.73,2024-01-14,Credit Card,1,Electronics,2084.76,213
C0013,61.0,120106.0,Male,Delhi,2022-07-02,2022-07-04,High,19,P042,3064.53,2023-09-14,Debit Card,0,Clothing,1105.87,209
C0013,61.0,120106.0,Male,Delhi,2022-07-02,2022-07-04,High,19,P029,4505.72,2023-06-25,Credit Card,0,Electronics,1978.02,10
C0013,61.0,120106.0,Male,Delhi,2022-07-02,2022-07-04,High,19,P003,2245.02,2023-08-13,Cash,0,Clothing,1494.25,390
C0014,43.0,75269.01,Female,Delhi,2021-07-12,2022-11-13,Medium,20,P024,1998.34,2024-02-01,UPI,0,Sports,548.5,187
C0014,43.0,75269.01,Female,Delhi,2021-07-12,2022-11-13,Medium,20,P041,422.97,2023-02-18,Cash,1,Beauty,825.83,267
C0015,18.0,144535.59,Male,Delhi,2020-03-30,2021-04-04,High,18,P017,3317.16,2024-04-09,Cash,0,Sports,1596.15,222
C0015,18.0,144535.59,Male,Delhi,2020-03-30,2021-04-04,High,18,P022,3351.7,2024-04-14,UPI,1,Clothing,2195.15,67
C0016,49.0,26528.39,Female,Kolkata,2021-08-27,2022-11-19,High,47,P045,731.86,2023-12-29,Credit Card,1,Books,1025.28,1
C0016,49.0,26528.39,Female,Kolkata,2021-08-27,2022-11-19,High,47,P036,3979.14,2024-02-21,Debit Card,0,Sports,1836.62,70
C0016,49.0,26528.39,Female,Kolkata,2021-08-27,2022-11-19,High,47,P042,2591.59,2023-01-10,UPI,1,Clothing,1105.87,209
C0017,39.0,130283.73,Female,Delhi,2021-03-08,2022-03-12,Medium,41,P014,3854.17,2023-04-09,Debit Card,0,Sports,953.04,33
C0018,52.0,124184.16,Female,Ahmedabad,2020-02-02,2020-06-16,Low,49,P005,3961.79,2023-09-17,Cash,0,Books,1918.79,206
C0019,24.0,148426.02,Female,Mumbai,2020-01-31,2021-06-12,High,14,P022,3128.35,2023-11-02,Net Banking,0,Clothing,2195.15,67
C0019,24.0,148426.02,Female,Mumbai,2020-01-31,2021-06-12,High,14,P011,3494.94,2023-11-16,Debit Card,1,Home,2214.13,115
C0019,24.0,148426.02,Female,Mumbai,2020-01-31,2021-06-12,High,14,P003,3414.18,2023-05-02,Net Banking,1,Clothing,1494.25,390
C0020,61.0,143505.15,Female,Pune,2020-04-05,2020-12-18,Low,15,P029,1271.93,2024-05-09,Net Banking,0,Electronics,1978.02,10
C0020,61.0,143505.15,Female,Pune,2020-04-05,2020-12-18,Low,15,P024,2895.06,2023-08-14,Net Banking,1,Sports,548.5,187
C0020,61.0,143505.15,Female,Pune,2020-04-05,2020-12-18,Low,15,P050,2684.55,2024-05-09,Debit Card,0,Home,348.81,131
C0021,30.0,99644.8,Female,Bangalore,2020-08-11,2021-09-06,Medium,31,P009,355.68,2023-09-04,UPI,0,Food,2282.7,271
C0021,30.0,99644.8,Female,Bangalore,2020-08-11,2021-09-06,Medium,31,P046,4270.71,2023-05-26,Credit Card,0,Electronics,2031.32,464
C0021,30.0,99644.8,Female,Bangalore,2020-08-11,2021-09-06,Medium,31,P018,2615.43,2024-03-01,Net Banking,0,Home,2986.64,175
C0022,41.0,85621.16,Male,Delhi,2020-08-26,2020-11-26,Medium,1,P029,4659.31,2023-08-01,Credit Card,1,Electronics,1978.02,10
C0023,30.0,91223.35,Male,Chennai,2021-06-01,2022-02-16,,3,P024,4973.17,2023-07-11,Debit Card,0,Sports,548.5,187
C0023,30.0,91223.35,Male,Chennai,2021-06-01,2022-02-16,,3,P021,4211.96,2023-11-29,UPI,0,Beauty,1240.01,116
C0023,30.0,91223.35,Male,Chennai,2021-06-01,2022-02-16,,3,P009,4595.24,2023-08-30,Debit Card,1,Food,2282.7,271
C0024,35.0,116675.21,Male,Delhi,2021-09-08,2022-12-20,High,16,P040,22376.77,2023-05-12,Debit Card,0,Books,636.01,102
C0024,35.0,116675.21,Male,Delhi,2021-09-08,2022-12-20,High,16,P036,3083.51,2023-08-05,Credit Card,1,Sports,1836.62,70
C0025,58.0,53694.9,Female,Chennai,2020-01-28,2020-03-23,Low,23,P020,1268.35,2023-11-24,Cash,1,Clothing,2846.85,470
C0026,20.0,102895.99,Female,Ahmedabad,2021-07-28,2022-10-17,Medium,11,P008,2549.16,2023-10-02,Credit Card,0,Home,1150.65,7
C0027,52.0,87768.98,Female,Chennai,2020-07-22,2021-06-08,High,12,P010,107.67,2023-06-30,Debit Card,1,Clothing,102.85,2
C0027,52.0,87768.98,Female,Chennai,2020-07-22,2021-06-08,High,12,P012,519.51,2024-05-14,UPI,0,Home,2637.11,159
C0027,52.0,87768.98,Female,Chennai,2020-07-22,2021-06-08,High,12,P034,3953.42,2023-09-17,Cash,0,Electronics,938.29,338
C0028,59.0,55697.67,Female,Hyderabad,2022-01-03,2022-06-05,Low,10,P031,1995.72,2023-07-11,UPI,0,Books,1171.75,280
C0028,59.0,55697.67,Female,Hyderabad,2022-01-03,2022-06-05,Low,10,P023,1789.53,2024-01-11,Credit Card,1,Clothing,2215.53,301
C0029,54.0,57144.66,Male,Bangalore,2021-10-27,2023-01-01,High,32,P003,1758.88,2023-11-26,Debit Card,1,Clothing,1494.25,390
C0030,38.0,61562.24,Male,Mumbai,2021-12-19,2022-11-12,Medium,16,P031,4076.34,2023-02-02,Net Banking,0,Books,1171.75,280
C0030,38.0,61562.24,Male,Mumbai,2021-12-19,2022-11-12,Medium,16,P019,3976.44,2024-03-29,Credit Card,1,Books,1109.79,96
C0030,38.0,61562.24,Male,Mumbai,2021-12-19,2022-11-12,Medium,16,P020,4946.7,2023-10-06,Net Banking,1,Clothing,2846.85,470
C0031,43.0,37988.63,Female,Chennai,2021-07-12,2022-03-29,High,8,P049,1501.94,2024-03-17,Credit Card,1,Beauty,1559.53,370
C0032,25.0,110213.48,Male,Chennai,2021-03-05,2022-01-11,Medium,38,P008,2241.06,2023-07-24,Net Banking,1,Home,1150.65,7
C0032,25.0,110213.48,Male,Chennai,2021-03-05,2022-01-11,Medium,38,P022,2531.4,2023-09-12,UPI,1,Clothing,2195.15,67
C0033,41.0,28349.75,Male,Mumbai,2020-08-13,2020-11-23,Low,12,P047,2209.98,2024-02-26,Debit Card,1,Electronics,2513.93,342
C0034,41.0,90539.45,Female,Bangalore,2021-04-04,2021-06-22,Low,24,P007,3338.5,2023-06-06,Net Banking,1,Electronics,161.29,102
C0034,41.0,90539.45,Female,Bangalore,2021-04-04,2021-06-22,Low,24,P011,1822.58,2023-01-22,UPI,1,Home,2214.13,115
C0035,56.0,46888.47,Male,Delhi,2021-08-26,2022-03-06,Medium,28,P041,4744.73,2023-02-08,Net Banking,1,Beauty,825.83,267
C0035,56.0,46888.47,Male,Delhi,2021-08-26,2022-03-06,Medium,28,P033,3429.11,2024-05-02,Credit Card,0,Clothing,2100.82,322
C0036,43.0,137629.0,Female,Chennai,2020-10-11,2021-11-06,High,8,P044,270.51,2023-02-04,Debit Card,1,Books,2735.55,352
C0036,43.0,137629.0,Female,Chennai,2020-10-11,2021-11-06,High,8,P024,2879.5,2023-11-06,Debit Card,1,Sports,548.5,187
C0036,43.0,137629.0,Female,Chennai,2020-10-11,2021-11-06,High,8,P024,3839.11,2023-10-21,Debit Card,1,Sports,548.5,187
C0037,26.0,110417.99,Male,Mumbai,2022-04-08,2022-06-30,Low,28,P021,1323.1,2023-02-28,Credit Card,0,Beauty,1240.01,116
C0037,26.0,110417.99,Male,Mumbai,2022-04-08,2022-06-30,Low,28,P032,4576.36,2023-03-02,UPI,1,Food,1449.47,78
C0038,61.0,119527.29,Female,Hyderabad,2022-06-09,2023-03-13,High,36,P029,3098.2,2023-12-22,Net Banking,0,Electronics,1978.02,10
C0038,61.0,119527.29,Female,Hyderabad,2022-06-09,2023-03-13,High,36,P008,462.85,2023-03-30,Net Banking,0,Home,1150.65,7
C0038,61.0,119527.29,Female,Hyderabad,2022-06-09,2023-03-13,High,36,P044,4934.22,2023-12-08,UPI,0,Books,2735.55,352
C0039,25.0,20766.49,Female,Hyderabad,2020-01-07,2021-05-10,Medium,26,P035,1569.79,2023-03-22,Debit Card,1,Electronics,2004.32,138
C0039,25.0,20766.49,Female,Hyderabad,2020-01-07,2021-05-10,Medium,26,P033,4927.15,2024-02-10,Debit Card,0,Clothing,2100.82,322
C0039,25.0,20766.49,Female,Hyderabad,2020-01-07,2021-05-10,Medium,26,P032,2814.71,2023-07-08,Net Banking,0,Food,1449.47,78
C0040,61.0,117951.77,Female,Ahmedabad,2022-02-16,2023-03-22,Medium,8,P006,2050.98,2024-01-03,Net Banking,1,Books,2897.72,196
C0040,61.0,117951.77,Female,Ahmedabad,2022-02-16,2023-03-22,Medium,8,P050,2917.01,2023-03-06,UPI,0,Home,348.81,131
C0040,61.0,117951.77,Female,Ahmedabad,2022-02-16,2023-03-22,Medium,8,P029,2635.06,2023-03-07,Cash,0,Electronics,1978.02,10
C0041,,143945.94,Female,Mumbai,2022-04-05,2023-07-22,Low,28,P028,4354.24,2024-03-01,Credit Card,0,Sports,2984.31,338
C0042,32.0,117177.04,Male,Ahmedabad,2020-06-12,2021-03-11,Low,28,P011,4680.22,2023-04-26,UPI,1,Home,2214.13,115
C0042,32.0,117177.04,Male,Ahmedabad,2020-06-12,2021-03-11,Low,28,P006,3211.78,2023-10-10,UPI,0,Books,2897.72,196
C0043,56.0,98422.84,Female,Hyderabad,2021-12-15,2023-03-31,Medium,37,P020,557.8,2023-11-25,Debit Card,0,Clothing,2846.85,470
C0043,56.0,98422.84,Female,Hyderabad,2021-12-15,2023-03-31,Medium,37,P011,3631.1,2023-11-06,UPI,0,Home,2214.13,115
C0043,56.0,98422.84,Female,Hyderabad,2021-12-15,2023-03-31,Medium,37,P002,4747.88,2024-01-30,Cash,1,Beauty,547.39,391
C0044,25.0,48524.81,Female,Bangalore,2021-03-08,2021-03-09,Low,41,P014,2141.28,2023-11-24,Credit Card,1,Sports,953.04,33
C0044,25.0,48524.81,Female,Bangalore,2021-03-08,2021-03-09,Low,41,P041,3245.35,2023-06-04,Net Banking,0,Beauty,825.83,267
C0044,25.0,48524.81,Female,Bangalore,2021-03-08,2021-03-09,Low,41,P044,2322.37,2023-12-19,Credit Card,0,Books,2735.55,352
C0045,,23773.23,Female,Delhi,2020-12-14,2021-10-17,High,36,P027,1099.71,2023-11-07,Debit Card,1,Beauty,1627.46,24
C0045,,23773.23,Female,Delhi,2020-12-14,2021-10-17,High,36,P046,4941.31,2023-06-26,Net Banking,0,Electronics,2031.32,464
C0046,49.0,108288.45,Male,Mumbai,2020-10-11,2021-03-26,Low,27,P033,1663.67,2023-08-27,Credit Card,1,Clothing,2100.82,322
C0046,49.0,108288.45,Male,Mumbai,2020-10-11,2021-03-26,Low,27,P029,574.38,2023-05-29,Net Banking,1,Electronics,1978.02,10
C0047,58.0,41455.82,Female,Pune,2020-06-08,2021-02-14,Low,17,P011,4675.38,2024-01-05,UPI,0,Home,2214.13,115
C0048,32.0,36591.61,Male,Hyderabad,2020-08-08,2020-08-18,Medium,9,P032,2387.39,2024-03-26,UPI,1,Food,1449.47,78
C0049,49.0,23505.64,Female,Hyderabad,2022-09-07,2022-11-04,Low,33,P006,2576.68,2024-05-09,Debit Card,0,Books,2897.72,196
C0050,56.0,93370.96,Male,Pune,2022-02-20,2023-06-11,High,20,P023,1478.65,2023-11-02,Net Banking,1,Clothing,2215.53,301
C0050,56.0,93370.96,Male,Pune,2022-02-20,2023-06-11,High,20,P035,23224.91,2023-03-10,UPI,1,Electronics,2004.32,138
C0050,56.0,93370.96,Male,Pune,2022-02-20,2023-06-11,High,20,P049,321.69,2023-01-27,Cash,0,Beauty,1559.53,370
C0051,24.0,,Male,Kolkata,2020-12-10,2021-06-14,Medium,13,P036,1993.11,2023-08-19,Cash,1,Sports,1836.62,70
C0051,24.0,,Male,Kolkata,2020-12-10,2021-06-14,Medium,13,P040,682.17,2024-05-14,Credit Card,1,Books,636.01,102
C0052,58.0,37640.93,Female,Hyderabad,2020-04-14,2021-07-08,Medium,28,P022,1891.47,2023-03-15,Debit Card,1,Clothing,2195.15,67
C0052,58.0,37640.93,Female,Hyderabad,2020-04-14,2021-07-08,Medium,28,P033,290.68,2024-01-01,UPI,1,Clothing,2100.82,322
C0053,64.0,26537.0,Male,Chennai,2020-04-04,2021-06-04,Low,48,P030,4476.35,2023-03-13,UPI,1,Electronics,2084.76,213
C0053,64.0,26537.0,Male,Chennai,2020-04-04,2021-06-04,Low,48,P011,3120.85,2024-03-07,UPI,1,Home,2214.13,115
C0053,64.0,26537.0,Male,Chennai,2020-04-04,2021-06-04,Low,48,P033,2708.47,2023-12-29,Cash,1,Clothing,2100.82,322
C0054,49.0,47515.84,Female,Bangalore,2021-01-24,2022-03-14,Medium,29,P002,3401.65,2023-08-02,Cash,1,Beauty,547.39,391
C0054,49.0,47515.84,Female,Bangalore,2021-01-24,2022-03-14,Medium,29,P047,3183.38,2023-11-02,Net Banking,1,Electronics,2513.93,342
C0055,23.0,118959.86,Female,Mumbai,2020-04-09,2020-09-14,High,13,P050,1214.96,2023-01-27,Cash,1,Home,348.81,131
C0055,23.0,118959.86,Female,Mumbai,2020-04-09,2020-09-14,High,13,P011,3633.8,2024-02-01,Net Banking,0,Home,2214.13,115
C0055,23.0,118959.86,Female,Mumbai,2020-04-09,2020-09-14,High,13,P044,2905.59,2023-12-25,Credit Card,0,Books,2735.55,352
C0056,52.0,117761.28,Female,Pune,2021-01-02,2021-05-05,Low,46,P029,842.01,2023-12-20,Debit Card,1,Electronics,1978.02,10
C0057,24.0,52795.3,Male,Chennai,2022-05-17,2022-06-16,Medium,35,P050,2410.87,2024-03-10,Credit Card,0,Home,348.81,131
C0057,24.0,52795.3,Male,Chennai,2022-05-17,2022-06-16,Medium,35,P034,1692.74,2023-12-06,Net Banking,1,Electronics,938.29,338
C0057,24.0,52795.3,Male,Chennai,2022-05-17,2022-06-16,Medium,35,P021,2352.35,2023-09-30,UPI,1,Beauty,1240.01,116
C0058,33.0,22519.83,Male,Pune,2020-12-18,2021-04-21,Medium,6,P050,3435.65,2024-02-16,UPI,1,Home,348.81,131
C0058,33.0,22519.83,Male,Pune,2020-12-18,2021-04-21,Medium,6,P013,1467.13,2023-06-02,Debit Card,1,Clothing,352.99,257
C0058,33.0,22519.83,Male,Pune,2020-12-18,2021-04-21,Medium,6,P050,1115.66,2023-12-27,Net Banking,1,Home,348.81,131
C0059,34.0,149988.02,Female,Mumbai,2021-09-10,2022-12-04,Medium,18,P023,4678.98,2024-01-05,UPI,1,Clothing,2215.53,301
C0059,34.0,149988.02,Female,Mumbai,2021-09-10,2022-12-04,Medium,18,P008,2761.64,2024-04-03,Net Banking,1,Home,1150.65,7
C0060,18.0,104518.73,Female,Ahmedabad,2020-09-27,2021-07-15,Medium,5,P019,4781.04,2023-02-10,UPI,1,Books,1109.79,96
C0061,28.0,104728.11,Male,Mumbai,2022-04-06,2023-08-04,Low,47,P017,1148.54,2024-02-28,Cash,1,Sports,1596.15,222
C0061,28.0,104728.11,Male,Mumbai,2022-04-06,2023-08-04,Low,47,P036,772.64,2023-11-12,Cash,0,Sports,1836.62,70
C0061,28.0,104728.11,Male,Mumbai,2022-04-06,2023-08-04,Low,47,P016,4535.4,2023-04-26,Debit Card,0,Food,1394.98,266
C0062,56.0,143449.53,Female,Kolkata,2020-02-14,2020-03-26,Medium,25,P027,2414.78,2023-12-15,Debit Card,0,Beauty,1627.46,24
C0063,56.0,22649.4,Female,Mumbai,2022-01-17,2022-03-02,Medium,2,P011,4681.66,2024-03-25,Net Banking,1,Home,2214.13,115
C0063,56.0,22649.4,Female,Mumbai,2022-01-17,2022-03-02,Medium,2,P042,4823.18,2023-06-14,UPI,0,Clothing,1105.87,209
C0063,56.0,22649.4,Female,Mumbai,2022-01-17,2022-03-02,Medium,2,P050,2913.25,2023-10-01,Credit Card,0,Home,348.81,131
C0064,47.0,36408.73,Female,Mumbai,2021-04-15,2022-04-25,High,10,P012,278.07,2024-03-04,Net Banking,1,Home,2637.11,159
C0064,47.0,36408.73,Female,Mumbai,2021-04-15,2022-04-25,High,10,P012,4814.44,2024-04-19,UPI,0,Home,2637.11,159
C0065,53.0,93316.05,Male,Kolkata,2021-07-03,2022-03-09,High,30,P020,625.77,2023-06-21,UPI,1,Clothing,2846.85,470
C0066,56.0,110930.45,Male,Bangalore,2020-05-07,2021-06-29,High,45,P035,4457.37,2023-03-10,Cash,1,Electronics,2004.32,138
C0066,56.0,110930.45,Male,Bangalore,2020-05-07,2021-06-29,High,45,P018,651.97,2023-03-25,Net Banking,1,Home,2986.64,175
C0066,56.0,110930.45,Male,Bangalore,2020-05-07,2021-06-29,High,45,P046,3709.43,2024-02-09,UPI,0,Electronics,2031.32,464
C0067,18.0,41812.59,Male,Hyderabad,2022-09-23,2022-10-29,Low,5,P040,4495.51,2024-02-28,Net Banking,1,Books,636.01,102
C0068,56.0,117230.33,Female,Mumbai,2022-08-02,2023-08-27,High,33,P026,1005.43,2023-03-13,Net Banking,1,Books,2635.81,130
C0069,43.0,126509.15,Female,Kolkata,2021-01-22,2021-10-22,Low,1,P001,1254.05,2024-01-21,UPI,1,Books,856.91,389
C0070,58.0,34052.84,Female,Chennai,2020-03-21,2021-04-18,High,18,P038,156.04,2023-12-01,UPI,0,Sports,2170.36,60
C0070,58.0,34052.84,Female,Chennai,2020-03-21,2021-04-18,High,18,P004,2380.44,2023-03-23,Net Banking,1,Beauty,309.72,314
C0071,58.0,,Male,Ahmedabad,2021-07-19,2021-09-22,Medium,32,P008,4709.11,2023-07-08,Cash,0,Home,1150.65,7
C0071,58.0,,Male,Ahmedabad,2021-07-19,2021-09-22,Medium,32,P015,2443.09,2023-08-21,Cash,1,Beauty,184.87,485
C0071,58.0,,Male,Ahmedabad,2021-07-19,2021-09-22,Medium,32,P027,4572.7,2024-01-23,Cash,0,Beauty,1627.46,24
C0072,53.0,108055.15,Female,Ahmedabad,2020-10-27,2021-01-01,Low,47,P044,4378.36,2023-02-11,Cash,1,Books,2735.55,352
C0073,45.0,71565.08,Female,Mumbai,2022-04-29,2023-04-02,Medium,49,P046,4594.5,2023-02-27,Credit Card,0,Electronics,2031.32,464
C0073,45.0,71565.08,Female,Mumbai,2022-04-29,2023-04-02,Medium,49,P037,906.23,2024-03-13,Cash,1,Books,2500.43,53
C0073,45.0,71565.08,Female,Mumbai,2022-04-29,2023-04-02,Medium,49,P008,3612.9,2023-09-08,Credit Card,1,Home,1150.65,7
C0074,46.0,29879.54,Female,Bangalore,2021-10-05,2022-06-06,Low,11,P030,2135.58,2023-10-16,Credit Card,1,Electronics,2084.76,213
C0075,18.0,101541.51,Female,Bangalore,2021-09-25,2023-01-23,High,21,P020,2040.15,2024-02-23,Credit Card,0,Clothing,2846.85,470
C0075,18.0,101541.51,Female,Bangalore,2021-09-25,2023-01-23,High,21,P038,2176.12,2023-12-25,Credit Card,0,Sports,2170.36,60
C0075,18.0,101541.51,Female,Bangalore,2021-09-25,2023-01-23,High,21,P005,2413.15,2023-05-27,Net Banking,0,Books,1918.79,206
C0076,43.0,120422.52,Male,Chennai,2022-06-25,2023-04-03,High,26,P050,3673.52,2024-05-08,Net Banking,1,Home,348.81,131
C0077,44.0,98053.51,Male,Mumbai,2022-06-01,2022-08-25,Low,25,P029,4543.16,2023-07-12,Credit Card,0,Electronics,1978.02,10
C0077,44.0,98053.51,Male,Mumbai,2022-06-01,2022-08-25,Low,25,P042,681.3,2023-10-03,Net Banking,0,Clothing,1105.87,209
C0078,49.0,147899.77,Female,Ahmedabad,2021-01-05,2021-05-21,High,22,P015,3805.28,2024-05-15,UPI,1,Beauty,184.87,485
C0078,49.0,147899.77,Female,Ahmedabad,2021-01-05,2021-05-21,High,22,P044,2178.23,2023-07-14,Debit Card,0,Books,2735.55,352
C0078,49.0,147899.77,Female,Ahmedabad,2021-01-05,2021-05-21,High,22,P030,1450.68,2024-04-24,Credit Card,0,Electronics,2084.76,213
C0079,20.0,65136.49,Male,Bangalore,2021-08-14,2022-05-12,Medium,27,P027,4687.57,2024-03-31,Credit Card,0,Beauty,1627.46,24
C0079,20.0,65136.49,Male,Bangalore,2021-08-14,2022-05-12,Medium,27,P014,3010.33,2023-08-17,Cash,0,Sports,953.04,33
C0079,20.0,65136.49,Male,Bangalore,2021-08-14,2022-05-12,Medium,27,P016,2071.1,2023-04-30,Cash,0,Food,1394.98,266
C0080,30.0,68174.21,Male,Mumbai,2020-07-15,2021-10-05,Low,49,P009,1517.39,2024-02-22,Cash,1,Food,2282.7,271
C0081,40.0,64360.05,Female,Pune,2021-12-22,2022-10-29,High,13,P039,4110.07,2023-05-02,UPI,0,Food,386.34,54
C0081,40.0,64360.05,Female,Pune,2021-12-22,2022-10-29,High,13,P043,2126.45,2023-05-21,Credit Card,0,Food,523.1,280
C0081,40.0,64360.05,Female,Pune,2021-12-22,2022-10-29,High,13,P041,2823.67,2023-01-25,UPI,1,Beauty,825.83,267
C0082,18.0,126903.02,Female,Bangalore,2020-03-12,2020-10-15,Medium,33,P021,2100.47,2023-06-03,Net Banking,0,Beauty,1240.01,116
C0082,18.0,126903.02,Female,Bangalore,2020-03-12,2020-10-15,Medium,33,P049,1280.74,2023-04-26,UPI,0,Beauty,1559.53,370
C0082,18.0,126903.02,Female,Bangalore,2020-03-12,2020-10-15,Medium,33,P030,2855.69,2024-05-10,Net Banking,0,Electronics,2084.76,213
C0083,49.0,144902.38,Male,Kolkata,2020-02-16,2021-06-24,Medium,34,P016,1718.29,2023-02-10,Net Banking,1,Food,1394.98,266
C0083,49.0,144902.38,Male,Kolkata,2020-02-16,2021-06-24,Medium,34,P006,4164.09,2023-01-27,UPI,1,Books,2897.72,196
C0084,43.0,127731.95,Female,Pune,2021-11-08,2022-02-25,Low,41,P039,4380.74,2023-04-07,Cash,0,Food,386.34,54
C0084,43.0,127731.95,Female,Pune,2021-11-08,2022-02-25,Low,41,P031,4544.46,2023-06-05,Credit Card,0,Books,1171.75,280
C0084,43.0,127731.95,Female,Pune,2021-11-08,2022-02-25,Low,41,P013,674.85,2024-01-22,Net Banking,0,Clothing,352.99,257
C0085,54.0,76613.33,Male,Hyderabad,2020-08-21,2021-12-10,Medium,35,P039,2043.5,2023-05-03,Cash,1,Food,386.34,54
C0085,54.0,76613.33,Male,Hyderabad,2020-08-21,2021-12-10,Medium,35,P050,2384.63,2023-11-29,UPI,1,Home,348.81,131
C0085,54.0,76613.33,Male,Hyderabad,2020-08-21,2021-12-10,Medium,35,P017,4425.78,2023-08-27,Credit Card,1,Sports,1596.15,222
C0086,56.0,145511.59,Female,Bangalore,2022-03-02,2022-12-04,Medium,1,P014,2128.26,2023-10-16,Debit Card,0,Sports,953.04,33
C0086,56.0,145511.59,Female,Bangalore,2022-03-02,2022-12-04,Medium,1,P002,4680.32,2023-10-24,Net Banking,1,Beauty,547.39,391
C0087,54.0,125065.9,Male,Ahmedabad,2020-10-23,2021-11-14,Medium,21,P013,1961.21,2024-03-02,Debit Card,1,Clothing,352.99,257
C0088,61.0,82854.68,Female,Delhi,2020-03-22,2021-03-31,Medium,48,P042,1754.06,2024-01-26,Net Banking,1,Clothing,1105.87,209
C0088,61.0,82854.68,Female,Delhi,2020-03-22,2021-03-31,Medium,48,P030,3995.38,2023-03-28,Debit Card,1,Electronics,2084.76,213
C0088,61.0,82854.68,Female,Delhi,2020-03-22,2021-03-31,Medium,48,P012,2756.47,2023-11-25,Credit Card,0,Home,2637.11,159
C0089,,115033.41,Male,Pune,2022-05-25,2023-05-14,Medium,6,P043,131.28,2023-03-12,Debit Card,0,Food,523.1,280
C0090,49.0,130722.71,Male,Hyderabad,2020-08-26,2020-12-07,Medium,28,P010,35171.99,2023-07-11,Credit Card,1,Clothing,102.85,2
C0090,49.0,130722.71,Male,Hyderabad,2020-08-26,2020-12-07,Medium,28,P043,132.4,2023-10-10,Net Banking,0,Food,523.1,280
C0090,49.0,130722.71,Male,Hyderabad,2020-08-26,2020-12-07,Medium,28,P002,1446.23,2024-05-15,UPI,0,Beauty,547.39,391
C0091,54.0,31266.18,Male,Chennai,2022-06-06,2023-06-07,Medium,17,P045,4050.22,2024-04-10,Debit Card,0,Books,1025.28,1
C0091,54.0,31266.18,Male,Chennai,2022-06-06,2023-06-07,Medium,17,P007,1280.75,2023-11-14,Cash,1,Electronics,161.29,102
C0091,54.0,31266.18,Male,Chennai,2022-06-06,2023-06-07,Medium,17,P023,2044.79,2023-07-11,Net Banking,1,Clothing,2215.53,301
C0092,25.0,51702.25,Female,Chennai,2020-04-13,2020-09-20,Low,5,P016,1206.7,2023-12-17,Credit Card,0,Food,1394.98,266
C0092,25.0,51702.25,Female,Chennai,2020-04-13,2020-09-20,Low,5,P006,1948.13,2023-09-01,Credit Card,0,Books,2897.72,196
C0092,25.0,51702.25,Female,Chennai,2020-04-13,2020-09-20,Low,5,P045,2549.31,2023-08-11,UPI,0,Books,1025.28,1
C0093,48.0,99343.12,Male,Ahmedabad,2021-01-24,2021-08-17,Low,31,P003,4516.24,2023-12-21,Cash,1,Clothing,1494.25,390
C0093,48.0,99343.12,Male,Ahmedabad,2021-01-24,2021-08-17,Low,31,P018,464.31,2024-04-18,UPI,0,Home,2986.64,175
C0093,48.0,99343.12,Male,Ahmedabad,2021-01-24,2021-08-17,Low,31,P012,1640.97,2024-05-07,Debit Card,0,Home,2637.11,159
C0094,45.0,23731.0,Male,Bangalore,2020-10-11,2021-09-20,High,5,P026,1566.46,2023-10-16,Debit Card,1,Books,2635.81,130
C0094,45.0,23731.0,Male,Bangalore,2020-10-11,2021-09-20,High,5,P044,1725.48,2024-01-22,Debit Card,0,Books,2735.55,352
C0094,45.0,23731.0,Male,Bangalore,2020-10-11,2021-09-20,High,5,P033,1794.71,2023-02-20,Net Banking,0,Clothing,2100.82,322
C0095,29.0,43639.18,Female,Mumbai,2021-04-09,2022-03-08,Medium,38,P022,3107.94,2023-11-01,Net Banking,1,Clothing,2195.15,67
C0096,,123718.21,Female,Bangalore,2021-10-12,2022-04-22,High,3,P041,4963.67,2023-09-09,Debit Card,1,Beauty,825.83,267
C0097,59.0,134441.6,Male,Ahmedabad,2022-05-04,2022-12-15,Medium,23,P025,3430.5,2023-12-05,Net Banking,0,Home,1969.09,19
C0097,59.0,134441.6,Male,Ahmedabad,2022-05-04,2022-12-15,Medium,23,P050,4010.47,2024-01-01,Credit Card,0,Home,348.81,131
C0097,59.0,134441.6,Male,Ahmedabad,2022-05-04,2022-12-15,Medium,23,P018,3587.22,2023-11-21,Debit Card,1,Home,2986.64,175
C0098,34.0,55914.91,Male,Chennai,2021-01-08,2022-04-14,,37,P024,125.46,2023-06-07,Net Banking,1,Sports,548.5,187
C0098,34.0,55914.91,Male,Chennai,2021-01-08,2022-04-14,,37,P049,749.28,2023-04-06,Net Banking,1,Beauty,1559.53,370
C0099,35.0,,Female,Bangalore,2020-06-15,2021-03-07,Medium,37,P036,606.14,2023-02-15,UPI,0,Sports,1836.62,70
C0099,35.0,,Female,Bangalore,2020-06-15,2021-03-07,Medium,37,P039,1689.71,2023-07-17,Credit Card,1,Food,386.34,54
C0099,35.0,,Female,Bangalore,2020-06-15,2021-03-07,Medium,37,P027,515.03,2024-04-06,Cash,0,Beauty,1627.46,24
C0100,58.0,31129.69,Female,Chennai,2021-01-14,2021-09-03,High,10,P034,1965.59,2023-03-13,UPI,1,Electronics,938.29,338
C0100,58.0,31129.69,Female,Chennai,2021-01-14,2021-09-03,High,10,P018,410.01,2023-08-11,UPI,1,Home,2986.64,175
C0100,58.0,31129.69,Female,Chennai,2021-01-14,2021-09-03,High,10,P020,476.91,2023-05-09,Debit Card,1,Clothing,2846.85,470
C0101,18.0,83515.12,Female,Pune,2020-12-29,2021-03-01,High,10,P040,624.16,2023-06-05,Credit Card,1,Books,636.01,102
C0101,18.0,83515.12,Female,Pune,2020-12-29,2021-03-01,High,10,P022,1961.46,2024-03-17,UPI,1,Clothing,2195.15,67
C0101,18.0,83515.12,Female,Pune,2020-12-29,2021-03-01,High,10,P022,4135.32,2023-11-30,Cash,0,Clothing,2195.15,67
C0102,40.0,109779.21,Female,Hyderabad,2020-08-02,2020-12-07,High,19,P021,3506.93,2023-09-03,UPI,0,Beauty,1240.01,116
C0102,40.0,109779.21,Female,Hyderabad,2020-08-02,2020-12-07,High,19,P026,1528.1,2023-12-22,Net Banking,0,Books,2635.81,130
C0103,,83806.77,Female,Mumbai,2021-11-17,2022-03-13,Low,17,P025,3950.75,2023-07-06,Credit Card,0,Home,1969.09,19
C0103,,83806.77,Female,Mumbai,2021-11-17,2022-03-13,Low,17,P038,981.64,2024-01-29,Cash,0,Sports,2170.36,60
C0104,30.0,32096.94,Male,Pune,2020-09-30,2020-11-02,Medium,21,P030,1127.28,2024-02-13,UPI,0,Electronics,2084.76,213
C0104,30.0,32096.94,Male,Pune,2020-09-30,2020-11-02,Medium,21,P027,781.98,2023-06-05,Debit Card,1,Beauty,1627.46,24
C0104,30.0,32096.94,Male,Pune,2020-09-30,2020-11-02,Medium,21,P043,2173.33,2023-07-13,Credit Card,1,Food,523.1,280
C0105,52.0,109932.33,Female,Chennai,2021-12-19,2022-06-11,,14,P031,2718.4,2024-04-17,Net Banking,0,Books,1171.75,280
C0105,52.0,109932.33,Female,Chennai,2021-12-19,2022-06-11,,14,P024,4080.26,2023-11-01,Credit Card,0,Sports,548.5,187
C0105,52.0,109932.33,Female,Chennai,2021-12-19,2022-06-11,,14,P050,3357.0,2023-03-27,Cash,0,Home,348.81,131
C0106,59.0,95602.23,Male,Chennai,2022-08-17,2022-08-28,High,9,P042,2058.13,2024-01-21,UPI,1,Clothing,1105.87,209
C0106,59.0,95602.23,Male,Chennai,2022-08-17,2022-08-28,High,9,P007,27762.15,2023-09-19,Cash,0,Electronics,161.29,102
C0106,59.0,95602.23,Male,Chennai,2022-08-17,2022-08-28,High,9,P029,2369.01,2023-12-14,Cash,0,Electronics,1978.02,10
C0107,33.0,89019.85,Male,Delhi,2021-11-30,2022-09-28,High,46,P002,1547.62,2024-04-16,Credit Card,0,Beauty,547.39,391
C0107,33.0,89019.85,Male,Delhi,2021-11-30,2022-09-28,High,46,P047,1628.26,2023-08-22,Debit Card,1,Electronics,2513.93,342
C0108,41.0,116971.61,Male,Delhi,2021-10-25,2022-08-05,Low,1,P031,3637.77,2023-08-20,UPI,0,Books,1171.75,280
C0108,41.0,116971.61,Male,Delhi,2021-10-25,2022-08-05,Low,1,P020,3582.82,2023-01-12,UPI,0,Clothing,2846.85,470
C0109,61.0,111371.14,Female,Pune,2020-03-14,2020-07-10,Medium,45,P011,3728.4,2023-09-22,Debit Card,0,Home,2214.13,115
C0109,61.0,111371.14,Female,Pune,2020-03-14,2020-07-10,Medium,45,P022,4796.47,2023-04-29,Net Banking,0,Clothing,2195.15,67
C0109,61.0,111371.14,Female,Pune,2020-03-14,2020-07-10,Medium,45,P012,2217.46,2023-01-15,Cash,0,Home,2637.11,159
C0110,39.0,52682.48,Male,Kolkata,2021-09-15,2022-07-14,Medium,13,P038,121.81,2023-04-20,Debit Card,1,Sports,2170.36,60
C0110,39.0,52682.48,Male,Kolkata,2021-09-15,2022-07-14,Medium,13,P049,4000.44,2023-10-23,Credit Card,0,Beauty,1559.53,370
C0111,26.0,45035.96,Male,Pune,2021-10-12,2022-02-02,Low,4,P021,658.38,2023-12-10,Net Banking,1,Beauty,1240.01,116
C0111,26.0,45035.96,Male,Pune,2021-10-12,2022-02-02,Low,4,P039,2023.47,2023-02-28,UPI,1,Food,386.34,54
C0112,45.0,89662.32,Female,Delhi,2020-06-24,2020-06-28,Low,1,P040,3400.59,2024-02-14,UPI,0,Books,636.01,102
C0112,45.0,89662.32,Female,Delhi,2020-06-24,2020-06-28,Low,1,P044,677.52,2023-06-06,Credit Card,0,Books,2735.55,352
C0113,49.0,44069.48,Male,Chennai,2021-06-30,2021-08-06,Medium,49,P045,2003.47,2023-11-02,Debit Card,1,Books,1025.28,1
C0113,49.0,44069.48,Male,Chennai,2021-06-30,2021-08-06,Medium,49,P028,3213.96,2023-12-22,Debit Card,0,Sports,2984.31,338
C0114,35.0,82945.82,Male,Ahmedabad,2022-01-16,2023-01-14,Low,40,P019,1641.44,2023-08-19,Cash,0,Books,1109.79,96
C0114,35.0,82945.82,Male,Ahmedabad,2022-01-16,2023-01-14,Low,40,P023,2474.58,2023-04-10,Net Banking,1,Clothing,2215.53,301
C0115,33.0,146958.91,Female,Pune,2020-09-07,2021-07-28,Low,32,P044,3579.7,2023-08-16,Net Banking,0,Books,2735.55,352
C0115,33.0,146958.91,Female,Pune,2020-09-07,2021-07-28,Low,32,P006,3999.82,2023-04-23,UPI,0,Books,2897.72,196
C0116,32.0,56789.83,Male,Chennai,2020-06-16,2020-07-17,Medium,34,P015,924.22,2023-08-23,Cash,1,Beauty,184.87,485
C0116,32.0,56789.83,Male,Chennai,2020-06-16,2020-07-17,Medium,34,P036,2906.3,2023-05-18,Cash,1,Sports,1836.62,70
C0117,47.0,45235.29,Male,Ahmedabad,2021-04-18,2021-08-14,High,28,P049,3623.0,2023-10-07,Debit Card,1,Beauty,1559.53,370
C0117,47.0,45235.29,Male,Ahmedabad,2021-04-18,2021-08-14,High,28,P007,3302.99,2023-05-07,UPI,0,Electronics,161.29,102
C0117,47.0,45235.29,Male,Ahmedabad,2021-04-18,2021-08-14,High,28,P029,4324.78,2023-02-14,Net Banking,0,Electronics,1978.02,10
C0118,43.0,43327.4,Male,Ahmedabad,2021-01-23,2021-02-27,High,31,P014,2980.83,2023-06-29,Cash,1,Sports,953.04,33
C0119,56.0,,Female,Delhi,2020-10-03,2022-01-10,High,8,P040,1112.44,2023-04-16,Credit Card,1,Books,636.01,102
C0120,52.0,55660.47,Female,Pune,2022-08-05,2022-08-22,Medium,39,P018,925.05,2023-12-27,UPI,1,Home,2986.64,175
C0120,52.0,55660.47,Female,Pune,2022-08-05,2022-08-22,Medium,39,P037,4304.28,2024-04-05,Credit Card,0,Books,2500.43,53
C0120,52.0,55660.47,Female,Pune,2022-08-05,2022-08-22,Medium,39,P049,4601.97,2023-05-22,Debit Card,0,Beauty,1559.53,370
C0121,22.0,91936.67,Female,Bangalore,2021-10-17,2023-01-01,Medium,26,P010,4159.56,2024-01-25,Net Banking,1,Clothing,102.85,2
C0122,18.0,36416.33,Male,Mumbai,2021-12-05,2022-05-24,Medium,34,P037,3176.28,2023-07-12,Net Banking,0,Books,2500.43,53
C0123,32.0,83814.23,Male,Delhi,2021-07-24,2021-08-30,,3,P050,2626.51,2023-05-23,UPI,1,Home,348.81,131
C0123,32.0,83814.23,Male,Delhi,2021-07-24,2021-08-30,,3,P032,112.12,2024-02-01,Credit Card,1,Food,1449.47,78
C0123,32.0,83814.23,Male,Delhi,2021-07-24,2021-08-30,,3,P041,1855.29,2023-02-02,Cash,1,Beauty,825.83,267
C0124,59.0,94628.35,Female,Delhi,2020-08-12,2021-05-03,Medium,12,P028,2524.1,2023-06-15,UPI,1,Sports,2984.31,338
C0125,52.0,77260.94,Male,Bangalore,2021-12-02,2022-04-03,Low,1,P037,4276.87,2024-02-08,UPI,0,Books,2500.43,53
C0125,52.0,77260.94,Male,Bangalore,2021-12-02,2022-04-03,Low,1,P003,3941.06,2023-08-24,Credit Card,0,Clothing,1494.25,390
C0125,52.0,77260.94,Male,Bangalore,2021-12-02,2022-04-03,Low,1,P011,103.31,2024-05-05,Net Banking,0,Home,2214.13,115
C0126,33.0,26678.97,Male,Mumbai,2020-11-28,2021-04-20,Low,44,P009,1579.14,2024-03-23,UPI,0,Food,2282.7,271
C0126,33.0,26678.97,Male,Mumbai,2020-11-28,2021-04-20,Low,44,P042,503.86,2023-12-07,Debit Card,0,Clothing,1105.87,209
C0126,33.0,26678.97,Male,Mumbai,2020-11-28,2021-04-20,Low,44,P026,3657.34,2024-01-22,Debit Card,1,Books,2635.81,130
C0127,45.0,82104.79,Female,Chennai,2022-05-13,2023-04-21,Medium,5,P006,105.32,2023-09-02,Credit Card,0,Books,2897.72,196
C0127,45.0,82104.79,Female,Chennai,2022-05-13,2023-04-21,Medium,5,P038,3431.92,2023-01-05,Credit Card,1,Sports,2170.36,60
C0127,45.0,82104.79,Female,Chennai,2022-05-13,2023-04-21,Medium,5,P008,2169.34,2023-03-09,Net Banking,0,Home,1150.65,7
C0128,25.0,72091.97,Female,Kolkata,2022-02-25,2022-11-01,High,30,P025,4049.19,2023-02-22,UPI,1,Home,1969.09,19
C0129,26.0,101827.94,Male,Pune,2022-03-05,2022-06-23,Medium,30,P009,4085.5,2024-03-23,Debit Card,0,Food,2282.7,271
C0129,26.0,101827.94,Male,Pune,2022-03-05,2022-06-23,Medium,30,P005,141.53,2023-11-29,Debit Card,1,Books,1918.79,206
C0130,50.0,,Male,Kolkata,2020-02-27,2020-11-30,Low,17,P047,3766.52,2024-04-15,Net Banking,1,Electronics,2513.93,342
C0130,50.0,,Male,Kolkata,2020-02-27,2020-11-30,Low,17,P014,592.28,2024-01-21,Credit Card,1,Sports,953.04,33
C0131,55.0,93169.15,Male,Chennai,2020-08-22,2020-10-29,Medium,48,P028,785.17,2023-05-22,Credit Card,0,Sports,2984.31,338
C0131,55.0,93169.15,Male,Chennai,2020-08-22,2020-10-29,Medium,48,P036,3633.78,2023-05-26,Credit Card,1,Sports,1836.62,70
C0132,46.0,149209.36,Female,Hyderabad,2022-04-21,2023-04-27,Low,47,P034,1024.37,2023-07-20,UPI,0,Electronics,938.29,338
C0133,54.0,119377.65,Female,Delhi,2020-02-02,2021-05-26,High,23,P032,1281.3,2023-11-23,Cash,0,Food,1449.47,78
C0134,22.0,122796.31,Female,Mumbai,2022-04-04,2023-06-30,Low,15,P001,4676.23,2023-03-09,Net Banking,1,Books,856.91,389
C0134,22.0,122796.31,Female,Mumbai,2022-04-04,2023-06-30,Low,15,P024,946.57,2023-08-30,Credit Card,0,Sports,548.5,187
C0134,22.0,122796.31,Female,Mumbai,2022-04-04,2023-06-30,Low,15,P038,1384.71,2023-01-21,Credit Card,1,Sports,2170.36,60
C0135,45.0,87934.43,Female,Delhi,2020-11-19,2021-09-08,Low,37,P019,2555.14,2023-08-01,Net Banking,1,Books,1109.79,96
C0135,45.0,87934.43,Female,Delhi,2020-11-19,2021-09-08,Low,37,P006,2734.51,2023-03-20,UPI,0,Books,2897.72,196
C0135,45.0,87934.43,Female,Delhi,2020-11-19,2021-09-08,Low,37,P020,4612.53,2024-05-13,Debit Card,1,Clothing,2846.85,470
C0136,30.0,77553.73,Male,Ahmedabad,2021-02-14,2021-12-07,High,21,P038,4189.18,2023-12-15,Credit Card,1,Sports,2170.36,60
C0136,30.0,77553.73,Male,Ahmedabad,2021-02-14,2021-12-07,High,21,P045,4771.8,2023-05-03,Credit Card,0,Books,1025.28,1
C0137,36.0,148704.06,Female,Delhi,2020-10-01,2021-06-01,High,14,P028,3100.25,2023-01-29,UPI,0,Sports,2984.31,338
C0138,39.0,100733.55,Female,Delhi,2020-03-08,2020-07-11,Low,2,P001,3537.35,2023-03-25,Net Banking,1,Books,856.91,389
C0139,39.0,116211.61,Female,Chennai,2020-08-04,2021-09-10,Low,11,P034,3631.75,2023-03-27,UPI,0,Electronics,938.29,338
C0139,39.0,116211.61,Female,Chennai,2020-08-04,2021-09-10,Low,11,P048,1416.95,2024-03-29,Credit Card,0,Books,489.98,46
C0139,39.0,116211.61,Female,Chennai,2020-08-04,2021-09-10,Low,11,P022,1432.7,2023-02-02,UPI,0,Clothing,2195.15,67
C0140,47.0,47012.43,Female,Chennai,2022-07-24,2023-03-24,Low,39,P030,371.65,2024-03-15,Cash,0,Electronics,2084.76,213
C0140,47.0,47012.43,Female,Chennai,2022-07-24,2023-03-24,Low,39,P024,3889.31,2024-04-02,Cash,0,Sports,548.5,187
C0141,44.0,105855.66,Female,Chennai,2022-08-23,2023-10-11,High,38,P048,315.79,2024-03-17,Credit Card,0,Books,489.98,46
C0142,26.0,42595.76,Male,Kolkata,2021-08-03,2022-02-28,,34,P031,4609.11,2023-04-02,Credit Card,1,Books,1171.75,280
C0143,61.0,20347.84,Male,Ahmedabad,2022-06-16,2022-09-22,Low,38,P021,4587.69,2023-06-13,UPI,0,Beauty,1240.01,116
C0144,56.0,97195.46,Female,Hyderabad,2022-01-05,2022-02-23,High,34,P024,3399.3,2023-01-27,Debit Card,0,Sports,548.5,187
C0144,56.0,97195.46,Female,Hyderabad,2022-01-05,2022-02-23,High,34,P034,4774.99,2023-02-05,Net Banking,1,Electronics,938.29,338
C0144,56.0,97195.46,Female,Hyderabad,2022-01-05,2022-02-23,High,34,P050,1703.77,2023-10-11,Net Banking,0,Home,348.81,131
C0145,59.0,50091.91,Male,Hyderabad,2020-11-18,2021-01-07,Low,18,P013,3944.09,2024-01-14,Cash,0,Clothing,352.99,257
C0145,59.0,50091.91,Male,Hyderabad,2020-11-18,2021-01-07,Low,18,P030,4862.1,2024-01-31,Debit Card,0,Electronics,2084.76,213
C0146,49.0,111388.38,Female,Chennai,2020-08-05,2021-07-09,Low,30,P001,217.16,2023-10-05,UPI,0,Books,856.91,389
C0147,57.0,109360.04,Female,Mumbai,2021-11-02,2022-06-11,Medium,15,P001,1943.75,2024-01-13,UPI,0,Books,856.91,389
C0147,57.0,109360.04,Female,Mumbai,2021-11-02,2022-06-11,Medium,15,P014,1267.02,2023-09-09,Credit Card,0,Sports,953.04,33
C0148,43.0,122417.64,Male,Kolkata,2021-05-26,2021-11-24,Low,27,P018,4614.24,2024-04-04,Cash,1,Home,2986.64,175
C0148,43.0,122417.64,Male,Kolkata,2021-05-26,2021-11-24,Low,27,P045,2346.44,2024-01-18,Credit Card,0,Books,1025.28,1
C0148,43.0,122417.64,Male,Kolkata,2021-05-26,2021-11-24,Low,27,P033,4117.82,2023-02-08,Cash,0,Clothing,2100.82,322
C0149,49.0,105953.8,Male,Bangalore,2021-02-09,2021-09-14,Low,34,P043,1260.18,2023-05-14,UPI,1,Food,523.1,280
C0149,49.0,105953.8,Male,Bangalore,2021-02-09,2021-09-14,Low,34,P045,1698.63,2023-08-20,UPI,0,Books,1025.28,1
C0150,60.0,75268.07,Female,Mumbai,2022-06-24,2023-01-21,Low,38,P013,3873.72,2023-02-25,Debit Card,0,Clothing,352.99,257
C0151,64.0,104192.51,Female,Pune,2022-07-25,2023-03-22,Medium,33,P029,2091.91,2023-10-02,UPI,0,Electronics,1978.02,10
C0152,59.0,127462.05,Female,Pune,2021-10-20,2023-01-06,High,24,P020,4277.16,2023-02-16,Debit Card,1,Clothing,2846.85,470
C0152,59.0,127462.05,Female,Pune,2021-10-20,2023-01-06,High,24,P046,297.62,2024-03-03,UPI,0,Electronics,2031.32,464
C0153,19.0,41569.96,Male,Mumbai,2021-04-14,2022-04-23,Medium,15,P046,1843.14,2023-09-20,Credit Card,1,Electronics,2031.32,464
C0154,39.0,117364.5,Female,Chennai,2020-05-26,2020-06-23,High,30,P012,2081.52,2023-08-20,Cash,0,Home,2637.11,159
C0154,39.0,117364.5,Female,Chennai,2020-05-26,2020-06-23,High,30,P007,4039.09,2023-03-13,Credit Card,0,Electronics,161.29,102
C0155,61.0,57519.38,Female,Bangalore,2020-09-28,2021-09-08,Medium,42,P050,740.5,2024-02-26,Net Banking,1,Home,348.81,131
C0156,46.0,109528.14,Female,Bangalore,2020-05-22,2021-04-22,High,17,P041,511.79,2023-10-28,UPI,0,Beauty,825.83,267
C0156,46.0,109528.14,Female,Bangalore,2020-05-22,2021-04-22,High,17,P002,1068.98,2023-11-27,Net Banking,0,Beauty,547.39,391
C0156,46.0,109528.14,Female,Bangalore,2020-05-22,2021-04-22,High,17,P006,4163.85,2023-06-19,Credit Card,0,Books,2897.72,196
C0157,31.0,142547.91,Male,Kolkata,2020-09-09,2021-08-06,,5,P004,2912.03,2024-02-25,Net Banking,1,Beauty,309.72,314
C0157,31.0,142547.91,Male,Kolkata,2020-09-09,2021-08-06,,5,P002,2190.65,2023-07-01,Debit Card,0,Beauty,547.39,391
C0158,29.0,84193.38,Female,Bangalore,2022-02-01,2022-03-24,High,29,P018,828.29,2023-11-11,Cash,0,Home,2986.64,175
C0158,29.0,84193.38,Female,Bangalore,2022-02-01,2022-03-24,High,29,P042,2118.76,2023-10-09,Net Banking,0,Clothing,1105.87,209
C0159,38.0,25181.9,Female,Pune,2021-07-28,2021-08-29,Medium,4,P018,2154.25,2023-11-26,Cash,0,Home,2986.64,175
C0160,18.0,61901.81,Male,Ahmedabad,2021-07-05,2022-01-28,Low,10,P035,4948.08,2024-02-05,UPI,1,Electronics,2004.32,138
C0160,18.0,61901.81,Male,Ahmedabad,2021-07-05,2022-01-28,Low,10,P035,1785.77,2023-10-17,Cash,1,Electronics,2004.32,138
C0160,18.0,61901.81,Male,Ahmedabad,2021-07-05,2022-01-28,Low,10,P025,227.71,2023-11-02,Debit Card,0,Home,1969.09,19
C0161,61.0,31872.5,Female,Chennai,2020-09-26,2021-10-04,Medium,17,P004,2411.25,2023-07-03,Cash,0,Beauty,309.72,314
C0161,61.0,31872.5,Female,Chennai,2020-09-26,2021-10-04,Medium,17,P011,3318.64,2023-05-17,Cash,0,Home,2214.13,115
C0162,20.0,128674.62,Female,Bangalore,2022-02-03,2022-07-27,Medium,10,P037,4007.21,2023-07-01,Debit Card,0,Books,2500.43,53
C0163,38.0,143602.22,Male,Kolkata,2021-08-21,2022-10-05,Medium,17,P038,3716.71,2023-07-03,Cash,0,Sports,2170.36,60
C0164,,107396.61,Female,Pune,2021-03-14,2022-05-30,Medium,20,P045,2881.49,2023-03-14,Cash,0,Books,1025.28,1
C0164,,107396.61,Female,Pune,2021-03-14,2022-05-30,Medium,20,P032,960.23,2023-01-20,Credit Card,0,Food,1449.47,78
C0164,,107396.61,Female,Pune,2021-03-14,2022-05-30,Medium,20,P015,197.65,2023-09-02,Credit Card,1,Beauty,184.87,485
C0165,31.0,25230.12,Male,Ahmedabad,2022-07-08,2022-09-02,Low,24,P013,1769.72,2023-04-01,UPI,0,Clothing,352.99,257
C0165,31.0,25230.12,Male,Ahmedabad,2022-07-08,2022-09-02,Low,24,P002,3553.01,2023-03-14,Credit Card,1,Beauty,547.39,391
C0165,31.0,25230.12,Male,Ahmedabad,2022-07-08,2022-09-02,Low,24,P005,4715.42,2023-07-22,Cash,0,Books,1918.79,206
C0166,44.0,81165.11,Male,Delhi,2021-08-20,2021-12-26,Low,5,P020,4881.72,2024-01-10,Net Banking,1,Clothing,2846.85,470
C0166,44.0,81165.11,Male,Delhi,2021-08-20,2021-12-26,Low,5,P042,3565.2,2023-10-15,Cash,1,Clothing,1105.87,209
C0167,42.0,139089.46,Female,Delhi,2021-02-12,2021-05-22,Medium,34,P043,959.22,2023-06-07,UPI,0,Food,523.1,280
C0168,18.0,96092.85,Female,Ahmedabad,2021-01-05,2021-04-13,High,6,P047,41060.25,2023-10-21,Net Banking,0,Electronics,2513.93,342
C0169,44.0,83924.35,Female,Pune,2020-08-12,2021-05-14,Medium,2,P039,4063.15,2023-11-10,Debit Card,0,Food,386.34,54
C0170,25.0,65234.94,Female,Kolkata,2020-05-21,2021-01-06,High,13,P010,481.25,2023-06-27,UPI,0,Clothing,102.85,2
C0170,25.0,65234.94,Female,Kolkata,2020-05-21,2021-01-06,High,13,P041,534.76,2023-12-29,UPI,1,Beauty,825.83,267
C0171,50.0,107117.36,Male,Ahmedabad,2021-06-05,2021-08-16,Medium,43,P017,3496.56,2023-06-29,UPI,0,Sports,1596.15,222
C0172,30.0,62874.48,Female,Chennai,2021-05-20,2021-12-23,Medium,43,P001,2247.28,2023-08-03,Debit Card,1,Books,856.91,389
C0172,30.0,62874.48,Female,Chennai,2021-05-20,2021-12-23,Medium,43,P032,1821.03,2023-07-12,Credit Card,1,Food,1449.47,78
C0172,30.0,62874.48,Female,Chennai,2021-05-20,2021-12-23,Medium,43,P037,3467.09,2023-03-25,Net Banking,0,Books,2500.43,53
C0173,49.0,57468.31,Male,Chennai,2020-04-03,2020-07-06,High,48,P019,1379.53,2023-02-23,Credit Card,1,Books,1109.79,96
C0174,46.0,125763.58,Female,Delhi,2022-02-12,2022-07-05,High,11,P025,467.51,2024-04-27,Credit Card,1,Home,1969.09,19
C0175,52.0,79127.37,Female,Bangalore,2020-02-18,2020-10-12,High,47,P040,3552.07,2023-08-09,Debit Card,1,Books,636.01,102
C0175,52.0,79127.37,Female,Bangalore,2020-02-18,2020-10-12,High,47,P011,1722.36,2024-05-13,Debit Card,1,Home,2214.13,115
C0175,52.0,79127.37,Female,Bangalore,2020-02-18,2020-10-12,High,47,P045,4635.31,2023-10-04,UPI,1,Books,1025.28,1
C0176,19.0,62025.59,Female,Kolkata,2022-05-31,2022-10-06,Low,23,P016,2025.22,2023-10-09,Net Banking,0,Food,1394.98,266
C0176,19.0,62025.59,Female,Kolkata,2022-05-31,2022-10-06,Low,23,P004,2195.27,2023-05-31,Cash,1,Beauty,309.72,314
C0177,50.0,72542.76,Male,Delhi,2020-04-22,2021-07-14,Low,16,P007,937.08,2023-05-30,Credit Card,1,Electronics,161.29,102
C0178,61.0,148455.5,Female,Bangalore,2020-06-05,2021-09-21,Medium,31,P020,2407.63,2024-04-03,UPI,0,Clothing,2846.85,470
C0179,31.0,90537.17,Female,Bangalore,2021-10-04,2021-11-12,High,11,P035,1918.0,2023-07-15,UPI,0,Electronics,2004.32,138
C0179,31.0,90537.17,Female,Bangalore,2021-10-04,2021-11-12,High,11,P029,2254.73,2023-05-15,Debit Card,1,Electronics,1978.02,10
C0179,31.0,90537.17,Female,Bangalore,2021-10-04,2021-11-12,High,11,P037,3785.95,2023-12-08,Credit Card,0,Books,2500.43,53
C0180,46.0,44385.73,Female,Hyderabad,2020-06-12,2021-01-25,Medium,16,P023,2128.53,2024-01-23,Cash,0,Clothing,2215.53,301
C0180,46.0,44385.73,Female,Hyderabad,2020-06-12,2021-01-25,Medium,16,P036,1996.82,2023-09-25,Net Banking,1,Sports,1836.62,70
C0180,46.0,44385.73,Female,Hyderabad,2020-06-12,2021-01-25,Medium,16,P037,2433.69,2023-02-10,Net Banking,0,Books,2500.43,53
C0181,34.0,118337.61,Female,Chennai,2022-03-22,2023-05-10,Medium,8,P037,4022.21,2023-12-13,Cash,0,Books,2500.43,53
C0181,34.0,118337.61,Female,Chennai,2022-03-22,2023-05-10,Medium,8,P008,2300.29,2024-04-30,Debit Card,0,Home,1150.65,7
C0181,34.0,118337.61,Female,Chennai,2022-03-22,2023-05-10,Medium,8,P013,2174.54,2023-12-16,Net Banking,0,Clothing,352.99,257
C0182,47.0,118798.77,Male,Pune,2021-11-27,2023-02-12,Low,4,P010,1363.64,2024-04-11,Credit Card,0,Clothing,102.85,2
C0182,47.0,118798.77,Male,Pune,2021-11-27,2023-02-12,Low,4,P025,2805.07,2024-03-14,UPI,1,Home,1969.09,19
C0182,47.0,118798.77,Male,Pune,2021-11-27,2023-02-12,Low,4,P001,3152.98,2023-09-25,Net Banking,0,Books,856.91,389
C0183,38.0,91398.55,Female,Mumbai,2021-03-08,2022-05-21,Medium,40,P010,2980.88,2024-01-24,Credit Card,0,Clothing,102.85,2
C0183,38.0,91398.55,Female,Mumbai,2021-03-08,2022-05-21,Medium,40,P037,3950.15,2024-03-20,Cash,1,Books,2500.43,53
C0184,24.0,76955.09,Male,Pune,2021-09-02,2022-06-11,Low,4,P017,2479.37,2023-11-08,Net Banking,0,Sports,1596.15,222
C0184,24.0,76955.09,Male,Pune,2021-09-02,2022-06-11,Low,4,P012,804.88,2023-11-08,Net Banking,0,Home,2637.11,159
C0185,45.0,35785.39,Male,Mumbai,2020-03-06,2020-04-26,Low,25,P022,341.53,2023-09-01,UPI,1,Clothing,2195.15,67
C0185,45.0,35785.39,Male,Mumbai,2020-03-06,2020-04-26,Low,25,P002,3988.9,2023-06-09,UPI,1,Beauty,547.39,391
C0186,28.0,99153.32,Male,Ahmedabad,2021-01-29,2021-02-24,Medium,3,P044,4357.61,2023-03-10,UPI,1,Books,2735.55,352
C0186,28.0,99153.32,Male,Ahmedabad,2021-01-29,2021-02-24,Medium,3,P050,1420.16,2023-08-02,Cash,0,Home,348.81,131
C0186,28.0,99153.32,Male,Ahmedabad,2021-01-29,2021-02-24,Medium,3,P013,4575.82,2023-07-28,Net Banking,1,Clothing,352.99,257
C0187,,40589.16,Male,Chennai,2021-01-25,2021-12-25,High,32,P033,421.52,2023-12-30,Cash,1,Clothing,2100.82,322
C0188,47.0,91792.68,Male,Bangalore,2021-09-02,2022-06-06,,3,P050,4408.73,2023-01-15,Debit Card,0,Home,348.81,131
C0189,41.0,148993.43,Male,Kolkata,2021-04-24,2022-06-27,High,27,P004,2336.6,2024-04-15,UPI,0,Beauty,309.72,314
C0190,44.0,79988.23,Female,Mumbai,2021-06-25,2021-07-03,Low,29,P024,2575.12,2023-11-22,Credit Card,0,Sports,548.5,187
C0190,44.0,79988.23,Female,Mumbai,2021-06-25,2021-07-03,Low,29,P016,3010.81,2023-04-01,Net Banking,1,Food,1394.98,266
C0191,62.0,128178.61,Male,Pune,2020-09-14,2022-01-24,High,32,P011,1367.43,2024-03-01,Credit Card,1,Home,2214.13,115
C0191,62.0,128178.61,Male,Pune,2020-09-14,2022-01-24,High,32,P002,898.25,2023-10-20,Debit Card,0,Beauty,547.39,391
C0192,52.0,113158.43,Male,Bangalore,2022-09-21,2022-11-08,Medium,19,P015,1418.51,2023-07-29,Cash,0,Beauty,184.87,485
C0192,52.0,113158.43,Male,Bangalore,2022-09-21,2022-11-08,Medium,19,P050,3442.78,2023-08-31,Debit Card,0,Home,348.81,131
C0192,52.0,113158.43,Male,Bangalore,2022-09-21,2022-11-08,Medium,19,P039,1196.47,2023-11-08,UPI,1,Food,386.34,54
C0193,39.0,55545.24,Male,Mumbai,2021-07-20,2022-11-07,High,21,P025,2349.09,2023-04-22,Net Banking,1,Home,1969.09,19
C0193,39.0,55545.24,Male,Mumbai,2021-07-20,2022-11-07,High,21,P044,3155.67,2023-10-27,Credit Card,0,Books,2735.55,352
C0194,34.0,147431.8,Female,Mumbai,2022-05-31,2023-06-21,,5,P043,4212.95,2023-10-15,Cash,1,Food,523.1,280
C0194,34.0,147431.8,Female,Mumbai,2022-05-31,2023-06-21,,5,P020,2460.52,2023-06-22,UPI,1,Clothing,2846.85,470
C0194,34.0,147431.8,Female,Mumbai,2022-05-31,2023-06-21,,5,P018,3584.36,2024-04-01,UPI,0,Home,2986.64,175
C0195,49.0,91664.46,Female,Hyderabad,2022-08-23,2023-11-01,Medium,18,P034,4508.47,2024-02-17,Cash,1,Electronics,938.29,338
C0196,43.0,139842.86,Male,Mumbai,2020-01-12,2020-05-13,High,28,P021,3634.29,2023-12-02,Net Banking,1,Beauty,1240.01,116
C0196,43.0,139842.86,Male,Mumbai,2020-01-12,2020-05-13,High,28,P017,2082.53,2024-01-13,Credit Card,0,Sports,1596.15,222
C0196,43.0,139842.86,Male,Mumbai,2020-01-12,2020-05-13,High,28,P022,1189.58,2023-10-01,Net Banking,1,Clothing,2195.15,67
C0197,35.0,134312.41,Female,Kolkata,2021-11-27,2022-02-21,Low,42,P020,4219.13,2024-03-24,Cash,0,Clothing,2846.85,470
C0197,35.0,134312.41,Female,Kolkata,2021-11-27,2022-02-21,Low,42,P019,726.93,2023-05-13,Cash,0,Books,1109.79,96
C0197,35.0,134312.41,Female,Kolkata,2021-11-27,2022-02-21,Low,42,P044,3306.73,2023-04-24,UPI,0,Books,2735.55,352
C0198,45.0,55912.16,Male,Chennai,2022-01-08,2022-08-05,Low,22,P020,4445.53,2023-07-10,UPI,1,Clothing,2846.85,470
C0198,45.0,55912.16,Male,Chennai,2022-01-08,2022-08-05,Low,22,P030,2405.63,2024-03-19,Cash,0,Electronics,2084.76,213
C0198,45.0,55912.16,Male,Chennai,2022-01-08,2022-08-05,Low,22,P031,2552.34,2024-03-20,Net Banking,1,Books,1171.75,280
C0199,24.0,73942.52,Male,Kolkata,2020-04-27,2021-01-01,Medium,21,P004,838.81,2023-04-13,UPI,1,Beauty,309.72,314
C0199,24.0,73942.52,Male,Kolkata,2020-04-27,2021-01-01,Medium,21,P037,4934.58,2023-03-15,UPI,0,Books,2500.43,53
C0200,45.0,86005.9,Female,Delhi,2021-11-29,2022-08-03,Medium,6,P032,4934.54,2023-06-10,Credit Card,0,Food,1449.47,78
